record_id,person_id,full_name,phone,city
70,37,Rahlu Singh,9003309232,PUNE
218,115,Anjali Agarwal,9556258815,Mumbai
384,192,Priya Mehta,09912127756,Delhi
33,17,Arjun Singh,09998543534,Pune
42,23,Tanvi Agarwal,+919232260256,Noida
77,41,Tanvi Bhatia,09650752735,Bengaluru
137,72,Rahul Mehta,9102053950,Mumbai
331,162,Rohan Singh,+919660937966,DELHI
365,182,Karan Vrema,+919006848666,Delhi
265,136,Rahul Sharma,09478686337,Bengaluru
364,182,Karan Verma,+919006848666,Delhi
78,41,Tanvi Bhatia,+919650752735,BENGALURU
283,143,Priya Chorpa,+91-9560932048,GURUGRAM
386,192,Pri Mheta,+919912127756,Delhi
155,84,Vikram Agarwal,09388516060,Pune
255,132,Ro Nair,9956878339,DELHI
177,95,Rahul Nair,+919359774688,Pune
351,174,Isha Singh,09701277063,Noida
9,4,Meera Snigh,09192832764,Noida
195,105,Isha Malhotra,+91-9928451154,Bengaluru
55,29,SAHIL,9332003791,Pune
399,197,Sahil Reddy,09065787598,Bengaluru
253,131,Meera Verma,+91-9017426841,Noida
232,121,Ajrun Bhatia,9409749930,Gurugram
362,180,Karan Singh,09037613791,Gurugram
304,151,Isha Bhatia,9431142626,Bengaluru
84,45,Karan Verma,+91-9524082400,Gurugram
209,111,Rohan Chopra,9177852892,Mumbai
172,92,Neha Kpaoor,09629148652,NOIDA
15,6,Ro Signh,+919269166978,Bengaluru
132,69,Tanvi Malhotra,09405377351,Noida
94,49,Sahil Mehta,+91-9421024994,Pune
0,0,Sahil Gupta,9043321819,Pune
124,64,Sahil Agarwal,09210470952,Delhi
250,130,Sahil Gupta,09227530463,Pune
350,173,Divya Kapoor,9545892975,Noida
56,30,Rahul Gupta,+91-9632870831,Pune
311,154,Arjun Kapoor,+91-9647154379,Gurugram
82,44,Neha Gupta,+919823374989,Bengaluru
323,159,RAH chopra,9610143888,Gurugram
266,137,Priya Agarwal,+91-9106903311,Gurugram
316,157,Sahil Reddy,+919073741672,Noida
140,74,Diyva Singh,09007661771,Delhi
114,58,Neha Bhatia,+919615865780,Gurugram
101,52,MEERA nair,+919468071545,Delhi
385,192,PRIYA mehta,09912127756,Delhi
25,11,Vikram Mehta,09997376311,Noida
367,183,Arjun Bhatia,9146303161,Pune
173,92,Neah Kapoor,+91-9629148652,Noida
126,65,Vikram Reddy,+91-9424745171,Mumbai
145,77,ISHA gupat,9161528098,Gurugram
22,9,Vkiram Mehta,09489638346,Noida
116,60,Rahul Sharma,+919455623869,Noida
46,24,Pri Sharma,09365414586,Noida
392,194,Isha Mehta,+919100323651,Gurugram
341,168,Rahul Reddy,+91-9580783613,Bengaluru
73,38,Rahul Mehat,+91-9419049663,Delhi
72,38,Rahul Mehta,9419049663,Delhi
39,21,Aarav Sharma,+919524278680,Delhi
296,148,Vikram Sharma,9339740148,Gurugram
57,31,Sahil Reddy,+91-9895798687,Mumbai
168,91,Neha Chopra,+91-9466590515,Delhi
30,14,Arujn,9736026064,Pune
153,82,Neha Malhotra,9149784036,Gurugram
332,163,Neha Chopra,9371478596,Gurugram
192,103,Aarav Kapoor,9303054868,Pune
400,198,Tanvi Verma,+919040785932,Delhi
104,53,Vikram Cohpra,+91-9977034824,Pune
31,15,Tanvi Agarwal,9805009788,Mumbai
380,190,Arjun Nair,9024103865,Pune
239,124,Karan Gupta,09986652404,Noida
335,165,Arjun Bhatia,09296627828,Mumbai
76,40,Tanvi Reddy,+91-9776945314,Pune
180,97,KARAN nair,9826137506,Delhi
141,75,Arjun Bhatia,+91-9847896118,Noida
5,2,Isha,+919594078161,Gurugram
45,24,Priya Sharma,09365414586,Noida
90,47,Tanvi,+919938677496,Bengaluru
249,129,Karan Vrema,+91-9152742054,GURUGRAM
338,166,TANVI sharma,9507236887,Pune
373,185,Anjali Bhatia,9252419138,Delhi
354,175,ROHAN kapoor,9154152064,Noida
234,122,Priya Sharma,+919756263689,PUNE
3,1,Isah,+91-9389083863,Pune
18,8,Divya Sharma,9154303911,Noida
131,68,Priya Reddy,+91-9267586926,Noida
118,61,Ro Gupta,+91-9969379237,Noida
327,161,NEHA gupta,+91-9401051238,MUMBAI
63,33,Aarav Verma,+91-9669096705,Bengaluru
317,157,Sahli Reddy,+91-9073741672,Noida
211,112,Karan Mehta,09253584143,Noida
381,190,Arjun Nair,+919024103865,PUNE
93,48,Vicky Gupta,+919206797403,BENGALURU
393,195,Isha Chopra,+91-9107029667,Delhi
108,55,TANVI reddy,+91-9214658404,Noida
395,196,Karan Kapoor,+91-9720999347,Pune
223,117,Aj Reddy,9733950047,GURUGRAM
181,98,Neha Verma,+91-9051522047,Noida
247,129,Karan Verma,+919152742054,Gurugram
377,188,ISHA nair,09445187053,Bengaluru
302,150,Tanvi Bhatia,+91-9965047735,Gurugram
219,115,ANAJLI agarwal,9556258815,Mumbai
75,39,Sahli Chopra,09185067165,NOIDA
110,56,NEHA chopra,+91-9886753396,Mumbai
113,57,ARJUN singh,09270289517,Delhi
16,7,Divya Sharma,+919482814893,Mumbai
66,35,Tanvi Bhatia,+91-9016272046,Bengaluru
271,139,ARJUN kapoor,09408926870,Bengaluru
7,4,Meera Singh,+919192832764,Noida
19,8,Divay Sharma,+91-9154303911,Noida
176,94,Meera Nair,09065379473,Gurugram
358,177,Arjun Gupta,+91-9115542622,Delhi
352,175,Rohan Kapoor,+919154152064,Noida
298,148,Vikram Sharma,9339740148,Gurugram
297,148,Vikram Sahrma,+919339740148,Gurugram
324,160,Karan Malhotra,+91-9112545738,Pune
390,194,Isha Mehta,09100323651,Gurugram
312,155,Isha Mehta,+919406596575,Pune
60,32,Meera Kapoor,+919345581223,Pune
79,42,Isha Verma,+91-9678377701,Bengaluru
329,162,Rohan Singh,+919660937966,Delhi
287,145,Anjali Singh,+91-9312038750,Gurugram
337,166,Tanvi Sharma,+91-9507236887,Pune
158,86,Priya Malhotra,9968164535,Mumbai
109,56,Neha Chopra,9886753396,Mumbai
17,7,Divya Sharma,09482814893,MUMBAI
375,187,Meera Chopra,+91-9419518023,Gurugram
24,10,Aarav Bhatai,+919839301031,Delhi
268,138,Tanvi Singh,09030673830,Mumbai
148,79,Anjali Reddy,09998094024,Noida
248,129,Karan Verma,+91-9152742054,GURUGRAM
157,85,TANVI malhotra,9966416052,Gurugram
165,90,Rahul Bhatia,9359782071,Bengaluru
245,127,Neha Kapoor,09019380262,Delhi
277,141,Isha,+91-9304699013,Gurugram
119,62,Karan Singh,+919821759464,Pune
196,105,Isha Malhotra,+91-9928451154,Bengaluru
220,116,Aarav Kapoor,+91-9696325953,Mumbai
227,118,Neha Shamra,+919609835841,Pune
152,81,Rohan Bhatia,9014767976,Bengaluru
310,153,Vikram,+919995604661,Noida
36,19,Rohan Nair,9849808412,Bengaluru
139,74,Divya Singh,+919007661771,Delhi
294,147,Meera Verma,+91-9410166687,Delhi
314,155,Isah Metha,09406596575,Pune
198,106,Aarva Agarwal,+91-9596401658,Noida
228,119,Tanvi Reddy,+919680002578,Pune
59,31,Sahil Reddy,9895798687,Mumbai
111,57,Arjun Singh,+91-9270289517,Delhi
356,177,Arjun Gupta,9115542622,Delhi
175,93,Pirya Verma,+919221418880,Noida
6,3,Rahul Kapoor,09131647525,Bengaluru
291,146,VIKRAM kpaoor,09086211823,Mumbai
278,142,Priya Agarwal,09936385467,Gurugram
150,80,Isha Mehta,09018366752,Bengaluru
10,5,Priya Singh,+91-9767242388,Bengaluru
194,104,Anjali Snigh,+91-9541566765,MUMBAI
103,53,Vicky Chopra,+919977034824,Pune
81,43,Meera,+919495788568,Bengaluru
208,110,AARAV chopra,9895782911,BENGALURU
281,143,Priya Chopra,+91-9560932048,Gurugram
379,189,Aarav Malhotra,+919038505064,Delhi
210,111,Rohan Chopra,+919177852892,MUMBAI
261,134,Vicky Nair,+91-9406403910,Pune
258,133,TANVI reddy,+919225871397,Delhi
167,90,RAHUL bhatia,+919359782071,BENGALURU
89,47,Taniv Bhatia,+919938677496,Bengaluru
193,104,Anjali Singh,+91-9541566765,Mumbai
163,88,ANJALI,09527177449,Delhi
147,78,Karan Bhtaia,+91-9451983273,Delhi
231,121,Arjun Bhatia,+919409749930,Gurugram
92,48,Vikcy Gupta,+919206797403,Bengaluru
69,37,RAHUL singh,09003309232,Pune
123,63,Arjun Bhatia,09594406409,NOIDA
96,50,Meera,9648877190,Pune
143,76,Divya Verma,9657661565,Noida
360,178,Tanvi Sinhg,9731121965,Pune
97,50,Meera Kapoor,+919648877190,PUNE
233,122,Priya Sharma,9756263689,Pune
68,37,Rahul Singh,9003309232,Pune
23,10,Aarav Bhatia,9839301031,Delhi
37,20,Meera Reddy,9244935348,Pune
144,77,Isha Gupta,9161528098,Gurugram
122,63,Arjnu Bhaita,+919594406409,Noida
202,108,Arjun Chopra,09431027868,Delhi
182,99,Divya Bhatia,09010432898,Pune
67,36,Neha Chopra,9646417080,Bengaluru
398,197,Sahil Reddy,09065787598,Bengaluru
282,143,Pryia,+919560932048,Gurugram
222,117,Arjun Reddy,+91-9733950047,Gurugram
320,158,Isha Nair,+91-9979688680,BENGALURU
229,120,Neha Bhatia,09526949588,Gurugram
125,64,Shail Agarwal,09210470952,Delhi
146,78,Karan Bhatia,09451983273,Delhi
238,123,ROHAN nari,09858549733,Bengaluru
86,46,Divay Nair,09520471167,Delhi
347,172,Vikram Agarwal,09457759017,Noida
322,159,RAHUL chopar,+919610143888,Gurugram
340,167,Karan Verma,09842797881,Gurugram
203,108,Arujn Chopra,+91-9431027868,DELHI
262,135,Aarav Kapoor,+919622656766,Delhi
305,151,Isha Bhatia,09431142626,Bengaluru
183,100,Priya Kapoor,9103697117,Gurugram
383,191,Arjun Singh,9234456557,Bengaluru
286,144,MEERA singh,+919772522872,Gurugram
289,145,Anji Singh,09312038750,Gurugram
285,144,Meera Singh,9772522872,Gurugram
129,66,Anjali Reddy,09516048175,NOIDA
38,20,Meera Reddy,09244935348,Pune
11,5,Pirya Sinhg,+91-9767242388,Bengaluru
355,176,Rohan Bhatia,+919387005162,Pune
185,100,Priya Kapoor,09103697117,GURUGRAM
225,118,Neha Sharma,+91-9609835841,Pune
112,57,Arjun,+919270289517,Delhi
179,97,Karan Nair,09826137506,Delhi
292,146,VIKRAM kapoor,+919086211823,MUMBAI
272,139,Arujn Kapoor,+919408926870,BENGALURU
349,172,VIKRAM agarwal,+919457759017,Noida
117,61,Rohan Gupta,+91-9969379237,Noida
391,194,Isha Mehta,9100323651,Gurugram
280,142,Priya Agarwal,09936385467,Gurugram
388,193,Rhaul Signh,+91-9490352135,Pune
290,146,Vikram Kapoor,09086211823,Mumbai
366,182,Karan Verma,09006848666,DELHI
164,89,Anjali Kapoor,+91-9119986798,Noida
284,144,Meera Singh,9772522872,Gurugram
136,72,Rahul Mehta,9102053950,Mumbai
154,83,Priya Kapoor,+91-9324451076,Mumbai
199,106,Araav Agarwal,+919596401658,Noida
197,106,Aarav Agarwal,+919596401658,Noida
396,196,Karan Kapoor,09720999347,Pune
2,1,Isah Verma,09389083863,Pune
204,109,Priya Gupta,09217271551,Gurugram
115,59,Sahil Singh,09431611724,Delhi
237,123,Rohan Nari,+919858549733,Bengaluru
274,140,Ajnali Vemra,09427086688,Mumbai
26,11,VIKRAM mehta,9997376311,Noida
120,62,KARAN singh,+919821759464,Pune
336,165,Arujn Bhatia,+91-9296627828,Mumbai
224,117,Arjnu Reddy,+91-9733950047,Gurugram
246,128,Aarav Sharma,+91-9499154788,Pune
357,177,ARJUN gupta,09115542622,Delhi
318,158,Isha Nair,9979688680,Bengaluru
346,171,Anjali Verma,+91-9672946671,Noida
127,66,Anjali Reddy,09516048175,Noida
74,39,Sahil Chopra,+919185067165,Noida
325,160,KARAN malhotra,+91-9112545738,Pune
29,14,Arjun Nair,+91-9736026064,Pune
83,45,Karan Verma,+919524082400,Gurugram
333,163,NEHA chpora,09371478596,Gurugram
107,55,Tanvi Reddy,+91-9214658404,Noida
376,188,Isha Nair,09445187053,Bengaluru
299,149,Karan Mehta,09939685621,Gurugram
133,69,TANVI malhotra,09405377351,Noida
244,127,Neha Kapoor,+91-9019380262,Delhi
184,100,Priya,+91-9103697117,Gurugram
382,190,Aj Nair,9024103865,PUNE
44,23,Tavni Agarwal,+919232260256,Noida
371,184,Vikram Reddy,+91-9425241056,BENGALURU
65,34,Karan Malhotra,+91-9706562729,Gurugram
85,46,Divya Nair,9520471167,Delhi
242,125,Divya Singh,9473384842,Delhi
186,101,Priya Bhatia,9621851888,Gurugram
159,87,Vikram Reddy,+919355231243,Mumbai
12,5,Pri Singh,9767242388,Bengaluru
35,18,Diyva Chopra,09107991183,Gurugram
28,13,Rohan Kapoor,+919731781080,Delhi
170,91,Neha Chopra,+919466590515,DELHI
142,76,Divya Verma,09657661565,Noida
321,159,Rahul Chopra,+919610143888,Gurugram
275,141,Isha Reddy,+919304699013,Gurugram
221,116,AARAV kpaoor,9696325953,Mumbai
95,50,Meera Kapoor,09648877190,Pune
51,27,Arjun Agarwal,9482366299,Bengaluru
240,125,Divya Singh,+919473384842,Delhi
301,149,Karan Mehta,09939685621,Gurugram
307,152,Divya Chopra,09412126788,Gurugram
178,96,Rahul Bhatia,+919240758181,Bengaluru
41,22,Vikram,+91-9598262045,Delhi
378,188,Ihsa Nair,+919445187053,BENGALURU
206,109,Pirya Gupta,+91-9217271551,Gurugram
254,132,Rohan Nair,+91-9956878339,Delhi
334,164,Tanvi Bhatia,+91-9125134125,Noida
4,2,Isha Chopra,09594078161,Gurugram
256,132,Rohan Nair,+919956878339,DELHI
361,179,Priya Reddy,+91-9999404389,Gurugram
100,52,Meera Nair,9468071545,Delhi
226,118,Neha,9609835841,PUNE
374,186,Priya Sharma,+91-9756220863,Bengaluru
213,112,Karan Mehta,+919253584143,NOIDA
171,92,Neha Kapoor,9629148652,Noida
98,51,Divya Reddy,09742967175,Pune
215,113,Ro Singh,+91-9995900109,BENGALURU
61,32,Meera Kapoor,+91-9345581223,Pune
47,24,Priya Sharma,09365414586,NOIDA
32,16,Anjali Mehta,9191361939,Gurugram
267,138,Tanvi Singh,09030673830,Mumbai
200,107,Rahul Singh,9556909275,Bengaluru
389,193,Rah Singh,+91-9490352135,Pune
27,12,Sahil Singh,+91-9106513338,Pune
353,175,Ro Kapoor,9154152064,Noida
230,120,Neha Bhaita,9526949588,Gurugram
260,134,Vikram Nair,9406403910,Pune
288,145,Anji Singh,+91-9312038750,Gurugram
162,88,Anjali Singh,9527177449,Delhi
342,169,Karan Chopra,+919171339596,Mumbai
138,73,Meera Gupta,09775891783,Gurugram
62,32,Meera Kaporo,+91-9345581223,PUNE
135,71,Anjali Reddy,09393352904,Mumbai
128,66,Anjali Rdedy,+91-9516048175,Noida
8,4,Meera Singh,09192832764,Noida
64,33,AARAV verma,+919669096705,Bengaluru
300,149,Karan Mehta,+91-9939685621,Gurugram
14,6,Rohan Singh,09269166978,Bengaluru
156,85,Tanvi Malhotra,09966416052,Gurugram
40,22,Vikram Sharma,+919598262045,Delhi
370,184,Vikram Reddy,9425241056,Bengaluru
326,161,Neha Gupta,+919401051238,Mumbai
216,113,Rohan,+91-9995900109,Bengaluru
279,142,Priya Agarwla,+91-9936385467,Gurugram
402,199,Karan Reddy,+919039652239,Bengaluru
236,123,Rohan Nair,09858549733,Bengaluru
207,110,Aarav Chopra,+91-9895782911,Bengaluru
212,112,Karan Mehta,9253584143,Noida
295,147,Meera Veram,9410166687,Delhi
368,183,Ajrun,+919146303161,Pune
251,130,Sahil,09227530463,PUNE
394,195,Isha Chpora,+919107029667,Delhi
369,183,Arujn Bhatia,09146303161,Pune
303,150,Tanvi Bhatia,+91-9965047735,Gurugram
269,138,Tanvi Snigh,+919030673830,Mumbai
201,107,Rahul Singh,09556909275,BENGALURU
161,87,Vikram Reddy,09355231243,MUMBAI
43,23,Tavni Agarwal,9232260256,Noida
217,114,Karan Nair,09102767735,Gurugram
190,102,Nhea Verma,+91-9195205852,Noida
309,153,Vikram Gupta,+919995604661,Noida
259,133,TANVI reddy,9225871397,DELHI
105,54,Isha Verma,+919171274846,Pune
53,28,Divya Nair,+919738721489,Bengaluru
1,1,Isha Verma,09389083863,Pune
49,26,Aarav Agarwal,9608835615,Gurugram
80,43,Meera Verma,+91-9495788568,Bengaluru
205,109,Pryia Gupta,9217271551,Gurugram
34,18,Divya Chopra,+919107991183,Gurugram
263,135,Aarva Kapoor,+91-9622656766,Delhi
91,48,Vikram Gupta,09206797403,Bengaluru
339,166,Tavni Sharma,9507236887,Pune
52,27,Arujn Agarwla,09482366299,Bengaluru
345,170,Karan Bhatia,09481260422,Mumbai
264,135,Aarav Kapoor,9622656766,Delhi
241,125,Divya Singh,+919473384842,Delhi
13,6,Rohan Singh,9269166978,Bengaluru
315,156,Meera Agarwal,+919793564651,Gurugram
88,47,Tanvi Bhatia,9938677496,Bengaluru
273,140,Anjali Verma,+919427086688,Mumbai
166,90,Rah Bhatia,+919359782071,Bengaluru
328,161,NEHA gupta,+919401051238,Mumbai
397,196,KRAAN kapoor,+919720999347,Pune
134,70,Priya Gupta,9713900532,Gurugram
306,152,Divya Chopra,9412126788,Gurugram
387,193,Rahul Singh,9490352135,Pune
319,158,Isah Nair,+919979688680,Bengaluru
243,126,Arjun Chopra,09712082677,Noida
54,29,Sahil Kapoor,+919332003791,Pune
363,181,Neha Mehta,9696582710,Gurugram
50,26,Aarav Agarawl,09608835615,GURUGRAM
174,93,Priya Verma,+919221418880,Noida
189,102,Neha Verma,+91-9195205852,Noida
401,199,Karan Reddy,09039652239,Bengaluru
187,101,PRI bhatia,+91-9621851888,Gurugram
169,91,Neha Chpora,09466590515,DELHI
58,31,Sahli Reddy,+91-9895798687,Mumbai
48,25,Aarav Gupta,09965569816,Gurugram
344,169,Karan,09171339596,MUMBAI
235,122,PRIYA sharma,09756263689,Pune
252,131,Meera Verma,09017426841,Noida
21,9,VIKRAM mehta,9489638346,NOIDA
313,155,Isha Mehat,+919406596575,PUNE
160,87,Vikrma Reddy,+91-9355231243,Mumbai
276,141,Isah Rdedy,+919304699013,Gurugram
191,103,Aarav Kapoor,9303054868,Pune
293,147,Meera Verma,9410166687,Delhi
343,169,Kraan Chopra,09171339596,Mumbai
257,133,Tanvi Reddy,+91-9225871397,Delhi
308,153,Vikram Gupta,+919995604661,Noida
149,79,Ajni Reddy,+91-9998094024,Noida
130,67,Tanvi Verma,9174612004,Pune
151,80,Isha Mehta,+919018366752,Bengaluru
359,178,Tanvi Singh,+919731121965,Pune
99,51,Diyva Reddy,+91-9742967175,Pune
372,184,Vikram Rdedy,+91-9425241056,BENGALURU
87,46,Dviya Nair,+91-9520471167,Delhi
330,162,Rohan Sinhg,9660937966,Delhi
214,113,Rohan Singh,+919995900109,Bengaluru
121,63,Arjun Bhatia,9594406409,Noida
403,199,KARAN reddy,09039652239,Bengaluru
20,9,Vikram Mehta,09489638346,Noida
188,101,Pri Bhaita,9621851888,Gurugram
71,38,Rahul Mehta,+919419049663,Delhi
106,54,Isah Verma,+919171274846,PUNE
270,139,Arjun Kapoor,+91-9408926870,Bengaluru
348,172,Vikram Agarwal,+91-9457759017,NOIDA
102,53,Vikram Chopra,+91-9977034824,Pune
